{
    "DYJetsToLL_M-50": 5398,
    "DYJetsToLL_M-50_HT-100to200": 160.7,
    "DYJetsToLL_M-50_HT-1200to2500": 1.937,
    "DYJetsToLL_M-50_HT-200to400": 48.63,
    "DYJetsToLL_M-50_HT-2500toInf": 0.003514,
    "DYJetsToLL_M-50_HT-400to600": 6.993,
    "DYJetsToLL_M-50_HT-600to800": 1.761,
    "DYJetsToLL_M-50_HT-800to1200": 8.021,
    "ST_s-channel_4f_leptonDecays": 3.549,
    "ST_t-channel_antitop_4f_InclusiveDecays": 69.09,
    "ST_t-channel_antitop_5f_InclusiveDecays": 71.74,
    "ST_t-channel_top_4f_InclusiveDecays": 115.3,
    "ST_t-channel_top_5f_InclusiveDecays": 119.7,
    "ST_tW_antitop_5f_inclusiveDecays": 34.97,
    "ST_tW_top_5f_inclusiveDecays": 34.91,
    "TTTo2L2Nu": 88.29,
    "TTToHadronic": 377.96,
    "TTToSemiLeptonic": 365.34,
    "WJetsToLNu": 52940,
    "WJetsToLNu_HT-100To200": 1395,
    "WJetsToLNu_HT-1200To2500": 1.074,
    "WJetsToLNu_HT-200To400": 407.9,
    "WJetsToLNu_HT-2500ToInf": 0.008001,
    "WJetsToLNu_HT-400To600": 57.48,
    "WJetsToLNu_HT-600To800": 12.87,
    "WJetsToLNu_HT-800To1200": 5.366,
    "WW": 75.95,
    "WZ": 27.59,
    "ZZ": 12.17
}