{
    "TTTo2L2Nu": 77.10979749999998,
    "TTToHadronic": 303.8527975,
    "TTToSemiLeptonic": 306.137405,
    "ST_s-channel_4f_leptonDecays": 1.188915,
    "WJetsToLNu_HT-70To100": 1270.0,
    "WJetsToLNu_HT-100To200": 1252.0,
    "WJetsToLNu_HT-200To400": 336.5,
    "WJetsToLNu_HT-400To600": 45.12,
    "WJetsToLNu_HT-600To800": 10.99,
    "WJetsToLNu_HT-800To1200": 4.938,
    "WJetsToLNu_HT-1200To2500": 1.155,
    "WJetsToLNu_HT-2500ToInf": 0.02625,
    "DYJetsToLL_HT-70to100": 139.9,
    "DYJetsToLL_HT-100to200": 140.1,
    "DYJetsToLL_HT-200to400": 38.35,
    "DYJetsToLL_HT-400to600": 5.217,
    "DYJetsToLL_HT-600to800": 1.267,
    "DYJetsToLL_HT-800to1200": 0.5682,
    "DYJetsToLL_HT-1200to2500": 0.1332,
    "DYJetsToLL_HT-2500toInf": 0.002978,
    "DYJetsToLL_Pt-50To100": 394.1,
    "DYJetsToLL_Pt-100To250": 94.42,
    "DYJetsToLL_Pt-250To400": 3.651,
    "DYJetsToLL_Pt-400To650": 0.4986,
    "DYJetsToLL_Pt-650ToInf": 0.04678,
    "WW": 75.83,
    "WZ": 27.56,
    "ZZ": 12.14
}